sequence,temperature,n_amino_acids,length,net_charge_proxy,charge_density,hydrophobic_fraction,aromatic_fraction,cysteine_count,cysteine_fraction,proline_fraction,glycine_fraction,bbb_cpp_like_score,synthesis_developability_score,safety_toxicity_proxy_score,cheap_pre_af_score,length_preference,charge_preference,cysteine_preference,cheap_pre_af_score_refined,cheap_rank,peptide_id
HPSPPQYSAHEY,1.0,12,12,1,0.08333333333333333,0.25,0.16666666666666666,0,0.0,0.25,0.0,0.9999999999999999,1.0,1.0,1.0,1.0,1.0,1.0,1.0,1,pep_000
KLPVKKYP,1.0,8,8,3,0.375,0.375,0.125,0,0.0,0.25,0.0,0.9999999999999999,1.0,1.0,1.0,1.0,1.0,1.0,1.0,2,pep_001
HYPDIGAFPRLH,1.0,12,12,2,0.16666666666666666,0.4166666666666667,0.16666666666666666,0,0.0,0.16666666666666666,0.08333333333333333,0.9999999999999999,1.0,1.0,1.0,1.0,1.0,1.0,1.0,3,pep_002
SARFIWFSRNANH,1.0,13,13,3,0.23076923076923078,0.46153846153846156,0.23076923076923078,0,0.0,0.0,0.0,0.9999999999999999,1.0,1.0,1.0,1.0,1.0,1.0,1.0,4,pep_003
VPAYRRLPPH,1.0,10,10,3,0.3,0.4,0.1,0,0.0,0.3,0.0,0.9999999999999999,1.0,1.0,1.0,1.0,1.0,1.0,1.0,5,pep_004
TPNYGPFPGLIPNH,1.0,14,14,1,0.07142857142857142,0.2857142857142857,0.14285714285714285,0,0.0,0.2857142857142857,0.14285714285714285,0.9999999999999999,1.0,1.0,1.0,1.0,1.0,1.0,1.0,6,pep_005
TKWNLSTYH,1.0,9,9,2,0.2222222222222222,0.3333333333333333,0.2222222222222222,0,0.0,0.0,0.0,0.9999999999999999,1.0,1.0,1.0,1.0,1.0,1.0,1.0,7,pep_006
HTPYTFWHMNHR,1.0,12,12,4,0.3333333333333333,0.3333333333333333,0.25,0,0.0,0.08333333333333333,0.0,0.9999999999999999,1.0,1.0,1.0,1.0,1.0,1.0,1.0,8,pep_007
HYPALPTINH,1.0,10,10,2,0.2,0.4,0.1,0,0.0,0.2,0.0,0.9999999999999999,1.0,1.0,1.0,1.0,1.0,1.0,1.0,9,pep_008
KKPWTPWHVVH,1.0,11,11,4,0.36363636363636365,0.36363636363636365,0.18181818181818182,0,0.0,0.18181818181818182,0.0,0.9999999999999999,1.0,1.0,1.0,1.0,1.0,1.0,1.0,10,pep_009
