sequence,temperature,n_amino_acids,length,net_charge_proxy,charge_density,hydrophobic_fraction,aromatic_fraction,cysteine_count,cysteine_fraction,proline_fraction,glycine_fraction,bbb_cpp_like_score,synthesis_developability_score,safety_toxicity_proxy_score,cheap_pre_af_score,length_preference,charge_preference,cysteine_preference,cheap_pre_af_score_refined,cheap_rank,peptide_id,plddt,ptm,iptm,ranking_confidence,ly6a_structure_proxy_score,soft_structure_gate,score_json,result_dir,final_reward
TKWNLSTYH,1.0,9,9,2,0.2222222222222222,0.3333333333333333,0.2222222222222222,0,0.0,0.0,0.0,0.9999999999999999,1.0,1.0,1.0,1.0,1.0,1.0,1.0,7,pep_006,31.412736842105257,0.18,0.08,,0.13611910526315787,0.4057438003095975,Ly6a_mouse_pep_006_complex_scores_rank_001_alphafold2_multimer_v3_model_1_seed_000.json,../data/processed/alphafold_results/ly6a_top10_batch/Ly6a_mouse_pep_006,0.1779094941000994
TPNYGPFPGLIPNH,1.0,14,14,1,0.07142857142857142,0.2857142857142857,0.14285714285714285,0,0.0,0.2857142857142857,0.14285714285714285,0.9999999999999999,1.0,1.0,1.0,1.0,1.0,1.0,1.0,6,pep_005,31.6353,0.17,0.06,,0.12295295,0.3503382867647059,Ly6a_mouse_pep_005_complex_scores_rank_001_alphafold2_multimer_v3_model_1_seed_000.json,../data/processed/alphafold_results/ly6a_top10_batch/Ly6a_mouse_pep_005,0.1506172321738303
KKPWTPWHVVH,1.0,11,11,4,0.36363636363636365,0.36363636363636365,0.18181818181818182,0,0.0,0.18181818181818182,0.0,0.9999999999999999,1.0,1.0,1.0,1.0,1.0,1.0,1.0,10,pep_009,31.273092783505156,0.18,0.06,,0.12490963917525774,0.347168973620376,Ly6a_mouse_pep_009_complex_scores_rank_001_alphafold2_multimer_v3_model_1_seed_000.json,../data/processed/alphafold_results/ly6a_top10_batch/Ly6a_mouse_pep_009,0.14969622906517932
HYPDIGAFPRLH,1.0,12,12,2,0.16666666666666666,0.4166666666666667,0.16666666666666666,0,0.0,0.16666666666666666,0.08333333333333333,0.9999999999999999,1.0,1.0,1.0,1.0,1.0,1.0,1.0,3,pep_002,31.02816326530612,0.17,0.06,,0.12204224489795919,0.3450258403361344,Ly6a_mouse_pep_002_complex_scores_rank_001_alphafold2_multimer_v3_model_1_seed_000.json,../data/processed/alphafold_results/ly6a_top10_batch/Ly6a_mouse_pep_002,0.14812906738422438
SARFIWFSRNANH,1.0,13,13,3,0.23076923076923078,0.46153846153846156,0.23076923076923078,0,0.0,0.0,0.0,0.9999999999999999,1.0,1.0,1.0,1.0,1.0,1.0,1.0,4,pep_003,30.88313131313131,0.16,0.06,,0.11932469696969697,0.34375681075460485,Ly6a_mouse_pep_003_complex_scores_rank_001_alphafold2_multimer_v3_model_1_seed_000.json,../data/processed/alphafold_results/ly6a_top10_batch/Ly6a_mouse_pep_003,0.14697702399257745
HTPYTFWHMNHR,1.0,12,12,4,0.3333333333333333,0.3333333333333333,0.25,0,0.0,0.08333333333333333,0.0,0.9999999999999999,1.0,1.0,1.0,1.0,1.0,1.0,1.0,8,pep_007,30.643367346938778,0.17,0.06,,0.12146505102040817,0.34165887605042017,Ly6a_mouse_pep_007_complex_scores_rank_001_alphafold2_multimer_v3_model_1_seed_000.json,../data/processed/alphafold_results/ly6a_top10_batch/Ly6a_mouse_pep_007,0.14655535494482277
KLPVKKYP,1.0,8,8,3,0.375,0.375,0.125,0,0.0,0.25,0.0,0.9999999999999999,1.0,1.0,1.0,1.0,1.0,1.0,1.0,2,pep_001,32.17531914893617,0.18,0.05,,0.12076297872340425,0.3263869837296621,Ly6a_mouse_pep_001_complex_scores_rank_001_alphafold2_multimer_v3_model_1_seed_000.json,../data/processed/alphafold_results/ly6a_top10_batch/Ly6a_mouse_pep_001,0.13985549614701354
VPAYRRLPPH,1.0,10,10,3,0.3,0.4,0.1,0,0.0,0.3,0.0,0.9999999999999999,1.0,1.0,1.0,1.0,1.0,1.0,1.0,5,pep_004,31.62447916666667,0.17,0.05,,0.11743671875,0.32156713388480396,Ly6a_mouse_pep_004_complex_scores_rank_001_alphafold2_multimer_v3_model_1_seed_000.json,../data/processed/alphafold_results/ly6a_top10_batch/Ly6a_mouse_pep_004,0.13709495974950903
HYPALPTINH,1.0,10,10,2,0.2,0.4,0.1,0,0.0,0.2,0.0,0.9999999999999999,1.0,1.0,1.0,1.0,1.0,1.0,1.0,9,pep_008,31.13072916666667,0.16,0.05,,0.11419609375,0.3172468213848039,Ly6a_mouse_pep_008_complex_scores_rank_001_alphafold2_multimer_v3_model_1_seed_000.json,../data/processed/alphafold_results/ly6a_top10_batch/Ly6a_mouse_pep_008,0.13458481352656793
HPSPPQYSAHEY,1.0,12,12,1,0.08333333333333333,0.25,0.16666666666666666,0,0.0,0.25,0.0,0.9999999999999999,1.0,1.0,1.0,1.0,1.0,1.0,1.0,1,pep_000,31.350306122448973,0.17,0.04,,0.11152545918367346,0.2904916491596638,Ly6a_mouse_pep_000_complex_scores_rank_001_alphafold2_multimer_v3_model_1_seed_000.json,../data/processed/alphafold_results/ly6a_top10_batch/Ly6a_mouse_pep_000,0.12273026667089248
